#airframe_info,log_version="1.00",log_content_version="1.02",product="GDU 460",aircraft_ident="N1234X",unit_software_part_number="006-B1727-40",software_version="9.51",system_id="6000ABCD01234",unit="PFD1",airframe_hours="0.3",engine_hours="1.2"
Date (yyyy-mm-dd),Time (hh:mm:ss),UTC Time (hh:mm:ss),UTC Offset (hh:mm),Latitude (deg),Longitude (deg),GPS Altitude (ft),GPS Fix Status,GPS Time of Week (sec),GPS Ground Speed (kt),GPS Ground Track (deg),GPS Velocity E (m/sec),GPS Velocity N (m/sec),GPS Velocity U (m/sec),Magnetic Heading (deg),GPS HFOM (ft),GPS VFOM (ft),GPS Sats,Pressure Altitude (ft),Baro Altitude (ft),Vertical Speed (ft/min),Indicated Airspeed (kt),True Airspeed (kt),Pitch (deg),Roll (deg),Lateral Acceleration (G),Normal Acceleration (G),AOA Cp,AOA,Selected Heading (deg),Selected Altitude (ft),Selected Vertical Speed (ft/min),Selected Airspeed (kt),Baro Setting (inch Hg),COM Frequency 1 (MHz),COM Frequency 2 (MHz),Active Nav Source,Nav Annunciation,Nav Identifier,Nav Distance (nm),Nav Bearing (deg),Nav Course (deg),Nav Cross Track Distance (nm),Horizontal CDI Deflection,Horizontal CDI Full Scale (ft),Horizontal CDI Scale,Vertical CDI Deflection,Vertical CDI Full Scale (ft),VNAV CDI Deflection,VNAV Altitude (ft),Autopilot State,FD Lateral Mode,FD Vertical Mode,FD Roll Command (deg),FD Pitch Command (deg),FD Altitude (ft),AP Roll Command (deg),AP Pitch Command (deg),AP VS Command (ft/min),AP Altitude Command (ft),AP Roll Torque (%),AP Pitch Torque (%),AP Pitch Trim Motor,Magnetic Variation (deg),Outside Air Temp (deg C),Density Altitude (ft),Height Above Ground (ft),Wind Speed (kt),Wind Direction (deg),AHRS/Mag 1 Status,SFD AHRS Status,Pitch Delta (deg),Roll Delta (deg),AHRS 1 Dev (%),SFD AHRS Dev (%),AFCS Attitude Status,Network Status,Transponder Code,Transponder Mode,Engine Power (%),Manifold Press (inch Hg),RPM,Oil Press (PSI),Oil Temp (deg F),Coolant Temp (deg F),Man Temp (deg F),Flap Position,Fuel Qty L (gal),Fuel Qty R (gal),Fuel Flow (gal/hour),Fuel Press (PSI),Elevator Trim,Volts,Efis Bkup Volts,Nav Bkup Volts,Amps,Batt Amps,Feed Psi,Co Ppm,EGT1 (deg F),EGT2 (deg F),EGT3 (deg F),EGT4 (deg F),EFIS ON BKUP (discrete),NAV ON BKUP (discrete),ARM BKUP (discrete),PITOT HEAT (discrete),FPCM FAULT (discrete),CHECK FUEL (discrete),EARTH X FAIL (discrete),CAS Alert,Terrain Alert
Lcl Date,Lcl Time,UTC Time,UTCOfst,Latitude,Longitude,AltGPS,GPSfix,,GndSpd,TRK,GPSVelE,GPSVelN,GPSVelU,HDG,HFOM,VFOM,,AltP,AltInd,VSpd,IAS,TAS,Pitch,Roll,LatAc,NormAc,,AOA,SelHDG,SelALT,SelVSpd,SelIAS,Baro,COM1,COM2,NavSrc,,NavIdent,NavDist,NavBrg,NavCRS,NavXTK,HCDI,,,VCDI,,VNAV CDI,VNAVAlt,,,,,,,,,,,,,,MagVar,OAT,AltD,AGL,WndSpd,WndDr,,,,,,,,,,,E1 %Pwr,E1 MAP,E1 RPM,E1 OilP,E1 OilT,,E1 CarbT,Flaps,FQty1,FQty2,E1 FFlow,E1 FPres,PTrim,Volts1,,,Amps1,Amps2,,,E1 EGT1,E1 EGT2,E1 EGT3,E1 EGT4,,,,,,,,,
2026-09-02,13:59:32,20:59:32,-07:00,+39.0813733,-114.1003687,121,3D- (SFD1),334772.1,2.8,,-0,-1,1.92,,756,117049,4,163,300,9,15.9,16,,,-0.001,0.998,-0.065,,211,,,,30.07,122.700,118.350 RX,GPS1,LOI,,,,,,,,ENR,,,,,Fail / Servo communication fault / 00008001 00000000,,,,,,,,,,,,,-12.8,25.0,1366,,,,081131F8 A89 A0 * 01010000,0801B7FE N90 X0,,,2,3,,,1200,ALT,0,27.5,0,0,68,76,78,0,12,10,0.0,0.4,1,13.4,13.9,14.0,5,-5,15.5,254,110,110,110,110,0,0,0,0,0,0,0,OIL PRESS / FUEL PRESS / CO PPM / TRAFFIC FAIL / NO AOA CAL,
2026-09-02,13:59:33,20:59:33,-07:00,+39.0814598,-114.1003765,70,3D- (SFD1),334773.1,3.9,,-0,2,-3.61,,617,78475,4,163,300,4,16.0,16,,,-0.002,0.999,-0.061,,211,,,,30.07,122.700,118.350 RX,GPS1,LOI,,,,,,,,ENR,,,,,Fail,,,,,,,,,,,,,-12.8,25.0,1366,,,,081131F8 A92 A0 * 01000000,0801B7FE N94 X0,,,2,2,,,1200,ALT,0,28.7,0,0,75,80,82,0,12,10,0.0,0.4,1,13.4,13.9,14.0,5,-5,15.5,254,110,110,110,110,0,0,0,0,0,0,0,OIL PRESS / FUEL PRESS / CO PPM / TRAFFIC FAIL / NO AOA CAL,
2026-09-02,13:59:34,20:59:34,-07:00,+39.0814971,-114.1003580,55,3D- (SFD1),334774.1,5.0,,-0,2,-3.20,,535,59039,4,163,300,-0,16.0,16,,,-0.001,0.998,-0.061,,211,,,,30.07,122.700,118.350 RX,GPS1,LOI,,,,,,,,ENR,,,,,Fail,,,,,,,,,,,,,-12.8,25.0,1366,,,,081131F8 A95 A0 * 01010000,0801B7FE N98 X0,,,3,3,,,1200,ALT,0,29.3,0,0,80,82,84,0,12,10,0.0,0.4,1,13.3,13.9,14.0,5,-5,15.5,254,110,110,110,110,0,0,0,0,0,0,0,OIL PRESS / FUEL PRESS / CO PPM / TRAFFIC FAIL / NO AOA CAL,
2026-09-02,13:59:35,20:59:35,-07:00,+39.0816141,-114.1003947,-19,3D- (SFD1),334775.1,2.9,,0,-1,0.07,,471,45779,4,163,300,-3,16.0,16,,,-0.001,0.999,-0.066,,211,,,,30.07,122.700,118.350 RX,GPS1,LOI,,,,,,,,ENR,,,,,Fail,,,,,,,,,,,,,-12.8,25.0,1366,,,,081131F8 A98 A0 * 01010000,0801B7FE N100 X0,,,2,3,,,1200,ALT,0,29.6,0,0,82,83,85,0,12,10,0.0,0.4,1,13.3,13.9,14.0,5,-5,15.5,254,110,110,110,110,0,0,0,0,0,0,0,OIL PRESS / FUEL PRESS / CO PPM / TRAFFIC FAIL / NO AOA CAL,
2026-09-02,13:59:36,20:59:36,-07:00,+39.0816282,-114.1003985,-35,3D- (SFD1),334776.1,4.1,,-0,1,-1.81,,424,36748,4,163,300,-1,15.9,16,0.50,0.11,-0.001,0.998,-0.082,,211,,,,30.07,122.700,118.350 RX,GPS1,LOI,,,,,,,,ENR,,,,,Fail,,,,,,,,,,,,,-12.8,25.0,1366,,,,081137FE D7 A0 * 01010000,0801B7FE N100 X0,0.1,0.0,3,3,,,1200,ALT,0,29.7,0,0,83,83,85,0,12,10,0.0,0.4,1,13.3,13.9,14.0,5,-5,15.5,254,110,110,110,110,0,0,0,0,0,0,0,OIL PRESS / FUEL PRESS / CO PPM / TRAFFIC FAIL / NO AOA CAL,
2026-09-02,13:59:37,20:59:37,-07:00,+39.0817199,-114.1004381,-68,3D- (SFD1),334777.1,2.6,,0,2,-2.46,,397,32280,4,163,300,1,15.9,16,0.48,0.11,-0.002,0.998,-0.103,,211,,,,30.07,122.700,118.350 RX,GPS1,LOI,,,,,,,,ENR,,,,,Fail,,,,,,,,,,,,,-12.8,25.0,1366,,,,081137FE D19 A0 * 01010000,0801B7FE N100 X0,0.2,0.0,2,2,,,1200,ALT,0,29.7,0,0,83,84,86,0,12,10,0.0,0.4,1,13.3,13.9,14.0,5,-5,15.5,254,110,110,110,110,0,0,0,0,0,0,0,OIL PRESS / FUEL PRESS / CO PPM / TRAFFIC FAIL / NO AOA CAL,
2026-09-02,13:59:38,20:59:38,-07:00,+39.0817034,-114.1003925,-70,3D- (SFD1),334778.1,3.5,,-0,3,-5.21,,373,28495,4,163,300,1,15.9,16,0.49,0.10,-0.002,1.000,-0.123,,211,,,,30.07,122.700,118.350 RX,GPS1,LOI,,,,,,,,ENR,,,,,Fail,,,,,,,,,,,,,-12.8,25.1,1367,,,,081137FE D31 A0 * 01010000,0801B7FE N100 X0,0.2,0.0,2,2,,,1200,ALT,0,29.7,0,0,84,84,86,0,12,10,0.0,0.4,1,13.3,13.9,14.0,5,-5,15.5,254,110,110,110,110,0,0,0,0,0,0,0,OIL PRESS / FUEL PRESS / CO PPM / TRAFFIC FAIL / NO AOA CAL,
2026-09-02,13:59:39,20:59:39,-07:00,+39.0818290,-114.1004092,-140,3D- (SFD1),334779.1,5.3,,1,-4,5.99,,351,25401,4,163,300,-0,16.0,16,0.49,0.10,-0.004,0.998,-0.145,,211,,,,30.07,122.700,118.350 RX,GPS1,LOI,,,,,,,,ENR,,,,,Fail,,,,,,,,,,,,,-12.8,25.1,1367,,,,081137FE D43 A0 * 01010000,0801B7FE N100 X0,0.2,0.0,2,2,,,1200,ALT,0,29.7,0,0,84,84,86,0,12,10,0.0,0.4,1,13.3,13.9,14.0,5,-5,15.5,254,110,110,110,110,0,0,0,0,0,0,0,OIL PRESS / FUEL PRESS / CO PPM / TRAFFIC FAIL / NO AOA CAL,
2026-09-02,13:59:40,20:59:40,-07:00,+39.0817602,-114.1003831,-96,3D- (SFD1),334780.1,4.3,,-0,1,-1.29,,333,22914,4,163,300,-1,15.9,16,0.48,0.11,-0.002,0.998,-0.161,,211,,,,30.07,122.700,118.350 RX,GPS1,LOI,,,,,,,,ENR,,,,,Fail,,,,,,,,,,,,,-12.8,25.1,1367,,,,081137FE D55 A0 * 01010000,0801B7FE N100 X0,0.2,0.0,2,3,,,1200,ALT,0,29.7,0,0,84,84,86,0,12,10,0.0,0.4,1,13.3,13.9,14.0,5,-5,15.5,254,110,110,110,110,0,0,0,0,0,0,0,OIL PRESS / FUEL PRESS / CO PPM / TRAFFIC FAIL / NO AOA CAL,
2026-09-02,13:59:41,20:59:41,-07:00,+39.0817488,-114.1003064,-91,3D- (SFD1),334781.1,2.6,,-0,2,-2.95,,318,20952,4,162,300,-4,15.9,16,0.48,0.10,-0.003,0.997,-0.174,,211,,,,30.07,122.700 RX,118.350,GPS1,LOI,,,,,,,,ENR,,,,,Fail,,,,,,,,,,,,,-12.8,25.1,1367,,,,081137FE D67 A0 * 01010000,0801B7FE N100 X0,0.2,0.0,3,3,,,1200,ALT,0,29.7,0,0,84,84,86,0,12,10,0.0,0.4,1,13.3,13.9,14.0,5,-5,15.5,254,110,110,110,110,0,0,0,0,0,0,0,OIL PRESS / FUEL PRESS / CO PPM / TRAFFIC FAIL / NO AOA CAL,
2026-09-02,13:59:42,20:59:42,-07:00,+39.0817534,-114.1003174,-78,3D- (SFD1),334782.1,2.7,,-0,0,-0.12,,303,18991,4,162,300,-8,16.0,16,0.48,0.11,-0.002,0.998,-0.176,,211,,,,30.07,122.700 RX,118.350,GPS1,LOI,,,,,,,,ENR,,,,,Fail,,,,,,,,,,,,,-12.8,25.1,1366,,,,081137FE D79 A0 * 01010000,0801B7FE N100 X0,0.2,0.0,2,2,,,1200,ALT,0,29.7,0,0,84,84,86,0,12,10,0.0,0.4,1,13.3,13.9,14.0,5,-5,15.5,254,110,110,110,110,0,0,0,0,0,0,0,OIL PRESS / FUEL PRESS / CO PPM / TRAFFIC FAIL / NO AOA CAL,
2026-09-02,13:59:43,20:59:43,-07:00,+39.0817374,-114.1003122,-64,3D- (SFD1),334783.1,3.7,,-1,3,-5.44,,292,17585,4,162,300,-7,16.0,16,0.48,0.12,-0.001,0.998,-0.169,,211,,,,30.07,122.700 RX,118.350,GPS1,LOI,,,,,,,,ENR,,,,,Fail,,,,,,,,,,,,,-12.8,25.1,1366,,,,081137FE D91 A0 * 01010000,0801B7FE N100 X0,0.2,0.0,2,3,,,1200,ALT,0,29.7,0,0,84,84,86,0,12,10,0.0,0.4,1,13.3,13.9,14.0,5,-5,15.5,254,110,110,110,110,0,0,0,0,0,0,0,OIL PRESS / FUEL PRESS / CO PPM / TRAFFIC FAIL / NO AOA CAL,
2026-09-02,13:59:44,20:59:44,-07:00,+39.0816801,-114.1003074,-35,3D- (SFD1),334784.1,2.6,,-0,-1,1.00,,281,16279,4,162,300,-6,15.9,16,0.48,0.12,-0.001,0.998,-0.163,,211,,,,30.07,122.700 RX,118.350 RX,GPS1,LOI,,,,,,,,ENR,,,,,Fail,,,,,,,,,,,,,-12.8,25.1,1366,,,,081137FE D98 A0 * 01010000,0801B7FE N100 X0,0.2,0.0,3,3,,,1200,ALT,0,29.7,0,0,84,84,86,0,12,10,0.0,0.4,1,13.3,13.9,14.0,5,-5,15.5,254,110,110,110,110,0,0,0,0,0,0,0,OIL PRESS / FUEL PRESS / CO PPM / TRAFFIC FAIL / NO AOA CAL,
2026-09-02,13:59:45,20:59:45,-07:00,+39.0818491,-114.1003627,-123,3D- (SFD1),334785.1,4.5,,0,-1,1.68,,271,15147,4,162,299,-6,16.0,16,0.47,0.11,-0.002,0.998,-0.157,,211,,,,30.07,122.700 RX,118.350 RX,GPS1,LOI,,,,,,,,ENR,,,,,Fail,,,,,,,,,,,,,-12.8,25.1,1366,,,,081137FE D98 A0 * 01010000,0801B7FE N100 X0,0.3,0.0,3,3,,,1200,ALT,0,29.7,0,0,84,84,86,0,12,10,0.0,0.4,1,13.3,13.9,14.0,5,-5,15.5,254,110,110,110,110,0,0,0,0,0,0,0,OIL PRESS / FUEL PRESS / CO PPM / TRAFFIC FAIL / NO AOA CAL,
2026-09-02,13:59:46,20:59:46,-07:00,+39.0818596,-114.1004013,-136,3D- (SFD1),334786.2,2.8,,-0,-0,0.30,,263,14231,4,162,299,-7,15.9,16,0.48,0.12,-0.001,0.998,-0.149,,211,,,,30.07,122.700 RX,118.350 RX,GPS1,LOI,,,,,,,,ENR,,,,,Fail,,,,,,,,,,,,,-12.8,25.1,1365,,,,081137FE D98 A0 * 01010000,0801B7FE N100 X0,0.3,0.0,2,4,,,1200,ALT,0,29.7,0,0,84,84,86,0,12,10,0.0,0.8,1,13.3,13.9,14.0,5,-5,15.4,254,110,110,110,110,0,0,0,0,0,0,0,OIL PRESS / FUEL PRESS / CO PPM / TRAFFIC FAIL / NO AOA CAL,
2026-09-02,13:59:47,20:59:47,-07:00,+39.0819819,-114.1004211,-203,3D- (SFD1),334787.1,2.7,,0,1,-0.90,,254,13342,4,162,299,-5,15.9,16,0.48,0.12,-0.002,0.999,-0.145,,211,,,,30.07,122.700,118.350 RX,GPS1,LOI,,,,,,,,ENR,,,,,Fail,,,,,,,,,,,,,-12.8,25.1,1366,,,,081137FE D98 A0 * 01010000,0801B7FE N100 X0,0.3,0.1,3,3,,,1200,ALT,0,29.7,0,0,84,84,86,0,12,10,0.0,12.3,1,13.2,13.9,14.0,5,-7,14.2,254,110,110,110,110,0,0,0,0,0,0,0,OIL PRESS / FUEL PRESS / CO PPM / TRAFFIC FAIL / NO AOA CAL,
2026-09-02,13:59:48,20:59:48,-07:00,+39.0819320,-114.1004659,-181,3D- (SFD1),334788.1,3.6,,-0,0,-0.97,,248,12628,4,162,299,-1,15.9,16,0.47,0.11,-0.002,0.999,-0.145,,211,,,,30.07,122.700 RX,118.350 RX,GPS1,LOI,,,,,,,,ENR,,,,,Fail,,,,,,,,,,,,,-12.8,25.1,1366,,,,081137FE D98 A0 * 01010000,0801B7FE N100 X0,0.3,0.1,3,2,,,1200,ALT,0,29.7,0,0,84,84,86,0,12,10,0.0,24.6,1,13.2,13.9,14.0,5,-8,12.5,254,110,110,110,110,0,0,0,0,0,0,0,OIL PRESS / FUEL PRESS / CO PPM / TRAFFIC FAIL / NO AOA CAL,
2026-09-02,13:59:49,20:59:49,-07:00,+39.0819546,-114.1004715,-209,3D- (SFD1),334789.1,4.1,,-0,1,-1.95,,242,12043,4,162,299,0,15.9,16,0.47,0.11,-0.002,0.998,-0.142,,211,,,,30.07,122.700 RX,118.350 RX,GPS1,LOI,,,,,,,,ENR,,,,,Fail,,,,,,,,,,,,,-12.8,25.1,1366,,,,081137FE D98 A0 * 01010000,0801B7FE N100 X0,0.3,0.0,3,2,,,1200,ALT,0,29.7,0,0,84,84,86,0,12,10,0.0,31.5,1,13.1,13.9,14.0,5,-9,10.9,254,110,110,110,110,0,0,0,0,0,0,0,OIL PRESS / FUEL PRESS / CO PPM / TRAFFIC FAIL / NO AOA CAL,
2026-09-02,13:59:50,20:59:50,-07:00,+39.0819941,-114.1004997,-228,3D- (SFD1),334790.1,2.8,,0,-2,3.74,,236,11457,4,162,299,3,15.9,16,0.47,0.11,-0.002,0.999,-0.137,,211,,,,30.07,122.700 RX,118.350 RX,GPS1,LOI,,,,,,,,ENR,,,,,Fail,,,,,,,,,,,,,-12.8,25.1,1366,,,,081137FE D98 A0 * 01010000,0801B7FE N100 X0,0.3,0.0,3,3,,,1200,ALT,0,29.7,0,0,84,84,86,0,12,10,0.0,29.7,1,13.1,13.9,14.0,5,-9,9.7,254,110,110,110,110,0,0,0,0,0,0,0,OIL PRESS / FUEL PRESS / CO PPM / TRAFFIC FAIL / NO AOA CAL,
2026-09-02,13:59:51,20:59:51,-07:00,+39.0820461,-114.1004625,-256,3D- (SFD1),334791.1,4.8,,-1,0,-1.27,,231,10927,4,163,300,7,15.9,16,0.48,0.11,-0.002,0.998,-0.134,,211,,,,30.07,122.700 RX,118.350 RX,GPS1,LOI,,,,,,,,ENR,,,,,Fail,,,,,,,,,,,,,-12.8,25.1,1366,,,,081137FE N1 A0 * 01010000,0801B7FE N100 X0,0.3,0.0,2,2,,,1200,ALT,0,29.7,0,0,84,84,86,0,12,10,0.0,24.8,1,13.1,13.9,14.0,5,-8,9.1,254,110,110,110,110,0,0,0,0,0,0,0,OIL PRESS / FUEL PRESS / CO PPM / TRAFFIC FAIL / NO AOA CAL,
2026-09-02,13:59:52,20:59:52,-07:00,+39.0820655,-114.1004834,-278,3D- (SFD1),334792.1,3.5,,0,1,-0.82,,226,10465,4,163,300,7,15.8,16,0.47,0.11,-0.005,0.997,-0.132,,211,,,,30.07,122.700 RX,118.350 RX,GPS1,LOI,,,,,,,,ENR,,,,,Fail,,,,,,,,,,,,,-12.8,25.1,1366,,,,081137FE N5 A0 * 01010000,0801B7FE N100 X0,0.3,0.1,3,3,,,1200,ALT,0,29.7,0,0,84,84,86,0,12,10,0.0,18.6,1,13.2,13.9,14.0,5,-7,8.8,254,110,110,110,110,0,0,0,0,0,0,0,OIL PRESS / FUEL PRESS / CO PPM / TRAFFIC FAIL / NO AOA CAL,
2026-09-02,13:59:53,20:59:53,-07:00,+39.0819666,-114.1004750,-210,3D- (SFD1),334793.1,2.1,,-0,1,-0.63,,219,9904,4,163,300,7,15.7,16,0.47,0.12,-0.001,0.997,-0.132,,211,,,,30.07,122.700 RX,118.350 RX,GPS1,LOI,,,,,,,,ENR,,,,,Fail,,,,,,,,,,,,,-12.8,25.1,1367,,,,081137FE N9 A0 * 01010000,0801B7FE N100 X0,0.3,0.1,3,4,,,1200,ALT,0,29.7,0,0,84,84,86,0,12,10,0.0,14.1,1,13.2,13.9,14.0,5,-6,8.8,254,110,110,110,110,0,0,0,0,0,0,0,OIL PRESS / FUEL PRESS / CO PPM / TRAFFIC FAIL / NO AOA CAL,
2026-09-02,13:59:54,20:59:54,-07:00,+39.0819611,-114.1004393,-194,3D- (SFD1),334794.1,3.1,,0,-0,0.70,,213,9345,4,163,300,7,15.7,16,0.47,0.10,-0.002,0.999,-0.135,,211,,,,30.07,122.700 RX,118.350 RX,GPS1,LOI,,,,,,,,ENR,,,,,Fail,,,,,,,,,,,,,-12.8,25.1,1367,,,,081137FE N13 A0 * 01010000,0801B7FE N100 X0,0.3,0.0,2,3,,,1200,ALT,0,29.7,0,0,84,84,86,0,12,10,0.0,11.6,1,13.2,13.9,14.0,5,-6,8.9,254,110,110,110,110,0,0,0,0,0,0,0,OIL PRESS / FUEL PRESS / CO PPM / TRAFFIC FAIL / NO AOA CAL,
2026-09-02,13:59:55,20:59:55,-07:00,+39.0818441,-114.1004459,-125,3D- (SFD1),334795.1,2.7,,-0,1,-0.28,,209,8963,4,163,300,7,15.8,16,0.47,0.12,-0.000,0.998,-0.131,,211,,,,30.07,122.700,118.350 RX,GPS1,LOI,,,,,,,,ENR,,,,,Fail,,,,,,,,,,,,,-12.8,25.1,1367,,,,081137FE N17 A0 * 01000000,0801B7FE N100 X0,0.3,0.0,3,3,,,1200,ALT,0,29.7,0,0,84,84,86,0,12,10,0.0,8.8,1,13.2,13.9,14.0,5,-6,10.4,254,110,110,110,110,0,0,0,0,0,0,0,OIL PRESS / FUEL PRESS / CO PPM / TRAFFIC FAIL / NO AOA CAL,
2026-09-02,13:59:56,20:59:56,-07:00,+39.0809055,-114.1001780,505,3D-,334814.2,2.0,,0,0,-0.01,,156,1071,4,163,300,4,15.9,16,0.47,0.12,-0.002,0.999,-0.124,,211,,,,30.07,122.700,118.350 RX,GPS1,LOI,,,,,,,,ENR,,,,,Fail,,,,,,,,,,,,,-12.8,25.1,1367,,,,081137FE N21 A0 * 01000000,0801B7FE N100 X0,0.3,0.1,2,3,,,1200,ALT,0,29.7,0,0,84,84,86,0,12,10,0.0,13.7,1,13.2,13.9,14.0,9,-7,12.2,254,110,110,110,110,0,0,0,0,0,0,0,OIL PRESS / FUEL PRESS / CO PPM / TRAFFIC FAIL / NO AOA CAL,
2026-09-02,13:59:57,20:59:57,-07:00,+39.0809131,-114.1001723,504,3D-,334815.2,0.3,,0,0,-0.00,,124,685,4,163,300,2,15.9,16,0.48,0.12,-0.001,0.998,-0.116,,211,,,,30.07,122.700,118.350 RX,GPS1,LOI,,,,,,,,ENR,,,,,Fail,,,,,,,,,,,,,-12.8,25.1,1367,,,,081137FE N25 A0 * 01000000,0801B7FE N100 X0,0.3,0.1,3,3,,,1200,ALT,0,29.7,0,0,84,84,86,0,12,10,0.0,25.6,1,13.1,13.9,14.0,10,-9,13.4,254,110,110,110,110,0,0,0,0,0,0,0,OIL PRESS / FUEL PRESS / CO PPM / TRAFFIC FAIL / NO AOA CAL,
2026-09-02,13:59:58,20:59:58,-07:00,+39.0809166,-114.1001752,503,3D-,334816.2,0.0,,0,0,-0.00,,106,509,4,163,300,3,15.9,16,0.47,0.12,-0.001,0.999,-0.111,,211,,,,30.07,122.700,118.350 RX,GPS1,LOI,,,,,,,,ENR,,,,,Fail,,,,,,,,,,,,,-12.8,25.1,1367,,,,081137FE N29 A0 * 01000000,0801B7FE N100 X0,0.3,0.1,3,2,,,1200,ALT,0,29.7,0,0,84,84,86,0,12,10,0.0,36.0,1,12.9,13.9,14.0,11,-11,14.2,254,110,110,110,110,0,0,0,0,0,0,0,OIL PRESS / FUEL PRESS / CO PPM / TRAFFIC FAIL / NO AOA CAL,
2026-09-02,13:59:59,20:59:59,-07:00,+39.0809174,-114.1001819,502,3D-,334817.2,0.0,,0,0,0.01,,94,409,4,163,300,1,15.9,16,0.47,0.11,-0.002,0.998,-0.110,,211,,,,30.07,122.700,118.350 RX,GPS1,LOI,,,,,,,,ENR,,,,,Fail,,,,,,,,,,,,,-12.8,25.1,1367,,,,081137FE N32 A0 * 01000000,0801B7FE N100 X0,0.3,0.1,2,3,,,1200,ALT,0,29.7,0,0,84,84,86,0,12,10,0.0,41.7,1,12.9,13.9,14.0,6,-12,14.8,254,110,110,110,110,0,0,0,0,0,0,0,OIL PRESS / FUEL PRESS / CO PPM / TRAFFIC FAIL / NO AOA CAL,
2026-09-02,14:00:00,21:00:00,-07:00,+39.0809179,-114.1001828,501,3D-,334818.2,0.0,,0,0,0.01,,86,339,4,163,300,-2,15.8,16,0.47,0.11,-0.001,0.998,-0.109,,211,,,,30.07,122.700,118.350 RX,GPS1,LOI,,,,,,,,ENR,,,,,Fail,,,,,,,,,,,,,-12.8,25.1,1367,,,,081137FE N32 A0 * 01000000,0801B7FE N100 X0,0.3,0.1,2,3,,,1200,ALT,0,29.7,0,0,84,84,86,0,12,11,0.0,44.1,1,12.9,13.9,14.0,6,-12,15.1,254,110,110,110,110,0,0,0,0,0,0,0,OIL PRESS / CO PPM / TRAFFIC FAIL / NO AOA CAL,
2026-09-02,14:00:01,21:00:01,-07:00,+39.0809207,-114.1001795,499,3D-,334819.2,0.0,,0,0,0.00,,80,292,4,163,300,-4,15.8,16,0.48,0.12,-0.002,0.998,-0.110,,211,,,,30.07,122.700,118.350 RX,GPS1,LOI,,,,,,,,ENR,,,,,Fail,,,,,,,,,,,,,-12.8,25.1,1367,,,,081137FE N32 A0 * 01000000,0801B7FE N100 X0,0.3,0.1,3,3,,,1200,ALT,0,29.7,0,0,84,84,86,0,12,11,0.0,45.5,1,12.9,13.9,14.0,5,-13,15.2,254,110,110,110,110,0,0,0,0,0,0,0,OIL PRESS / CO PPM / TRAFFIC FAIL / NO AOA CAL,
2026-09-02,14:00:02,21:00:02,-07:00,+39.0809221,-114.1001779,498,3D-,334820.2,0.0,,0,0,0.00,,75,256,4,162,300,-6,15.8,16,0.48,0.12,-0.002,0.999,-0.117,,211,,,,30.07,122.700,118.350 RX,GPS1,LOI,,,,,,,,ENR,,,,,Fail,,,,,,,,,,,,,-12.8,25.1,1367,,,,081137FE N32 A0 * 01000000,0801B7FE N100 X0,0.3,0.1,2,2,,,1200,ALT,0,29.7,0,0,84,84,86,0,12,11,0.0,46.1,1,12.9,13.9,14.0,5,-13,15.3,211,110,110,110,110,0,0,0,0,0,0,0,OIL PRESS / CO PPM / TRAFFIC FAIL / NO AOA CAL,
2026-09-02,14:00:03,21:00:03,-07:00,+39.0809241,-114.1001770,496,3D-,334821.2,0.0,,0,0,0.00,,72,232,4,163,300,-4,15.8,16,0.48,0.11,-0.002,0.998,-0.123,,211,,,,30.07,122.700,118.350 RX,GPS1,LOI,,,,,,,,ENR,,,,,Fail,,,,,,,,,,,,,-12.8,25.1,1367,,,,081137FE N32 A0 * 01000000,0801B7FE N100 X0,0.3,0.1,2,3,,,1200,ALT,0,29.7,0,0,84,84,86,0,12,11,0.0,46.4,1,12.9,13.9,14.0,5,-13,15.4,132,110,110,110,110,0,0,0,0,0,0,0,OIL PRESS / CO PPM / TRAFFIC FAIL / NO AOA CAL,
2026-09-02,14:00:04,21:00:04,-07:00,+39.0809265,-114.1001739,495,3D-,334822.2,0.0,,0,0,0.00,,68,208,4,162,300,-3,15.8,16,0.49,0.11,-0.002,0.998,-0.120,,211,,,,30.07,122.700,118.350 RX,GPS1,LOI,,,,,,,,ENR,,,,,Fail,,,,,,,,,,,,,-12.8,25.1,1367,,,,081137FE N32 A0 * 01000000,0801B7FE N100 X0,0.3,0.1,2,3,,,1200,ALT,0,29.7,0,0,84,84,86,0,12,11,0.0,46.5,1,12.9,13.9,14.0,8,-13,15.4,66,110,110,110,110,0,0,0,0,0,0,0,OIL PRESS / FUEL PRESS / CO PPM / TRAFFIC FAIL / NO AOA CAL,
2026-09-02,14:00:05,21:00:05,-07:00,+39.0809298,-114.1001716,493,3D-,334823.2,0.0,,0,0,0.00,,65,189,4,162,300,-5,15.9,16,0.50,0.10,-0.002,0.999,-0.111,,211,,,,30.07,122.700,118.350 RX,GPS1,LOI,,,,,,,,ENR,,,,,Fail,,,,,,,,,,,,,-12.8,25.1,1367,,,,081137FE N32 A0 * 01000000,0801B7FE N100 X0,0.3,0.1,3,3,,,1200,ALT,0,29.7,0,0,84,84,86,0,12,11,0.0,46.5,1,12.9,13.9,14.0,10,-13,15.4,31,110,110,110,110,0,0,0,0,0,0,0,OIL PRESS / FUEL PRESS / CO PPM / TRAFFIC FAIL / NO AOA CAL,
2026-09-02,14:00:06,21:00:06,-07:00,+39.0809329,-114.1001685,492,3D-,334824.2,0.0,,0,0,0.00,,63,174,4,162,299,-7,15.9,16,0.50,0.11,-0.001,0.998,-0.098,,211,,,,30.07,122.700,118.350 RX,GPS1,LOI,,,,,,,,ENR,,,,,Fail,,,,,,,,,,,,,-12.8,25.1,1367,,,,081137FE N34 A0 * 01000000,0801B7FE N100 X0,0.3,0.1,3,3,,,1200,ALT,0,29.7,0,0,84,84,86,0,12,11,0.0,46.5,1,12.9,13.9,14.0,10,-13,15.4,15,110,110,110,110,0,0,0,0,0,0,0,OIL PRESS / FUEL PRESS / CO PPM / TRAFFIC FAIL / NO AOA CAL,
2026-09-02,14:00:07,21:00:07,-07:00,+39.0809355,-114.1001674,491,3D-,334825.2,0.0,,0,0,0.00,,61,162,4,162,299,-7,16.0,16,0.49,0.12,-0.002,0.998,-0.087,,211,,,,30.07,122.700,118.350 RX,GPS1,LOI,,,,,,,,ENR,,,,,Fail,,,,,,,,,,,,,-12.8,25.1,1367,,,,081137FE N38 A0 * 01000000,0801B7FE N100 X0,0.3,0.1,4,2,,,1200,ALT,0,29.7,0,0,84,84,86,0,12,11,0.0,46.6,1,12.8,13.9,14.0,10,-13,15.4,7,110,110,110,110,0,0,0,0,0,0,0,OIL PRESS / FUEL PRESS / CO PPM / TRAFFIC FAIL / NO AOA CAL,
2026-09-02,14:00:08,21:00:08,-07:00,+39.0809392,-114.1001659,489,3D-,334826.2,0.0,,0,0,0.00,,59,151,4,162,299,-5,16.0,16,0.49,0.11,-0.002,0.998,-0.084,,211,,,,30.07,122.700,118.350 RX,GPS1,LOI,,,,,,,,ENR,,,,,Fail,,,,,,,,,,,,,-12.8,25.1,1367,,,,081137FE N42 A0 * 01000000,0801B7FE N100 X0,0.3,0.1,3,3,,,1200,ALT,0,29.7,0,0,84,84,86,0,12,11,0.0,46.6,1,12.8,13.9,14.0,10,-13,15.4,3,110,110,110,110,0,0,0,0,0,0,0,OIL PRESS / FUEL PRESS / TRAFFIC FAIL / NO AOA CAL,
2026-09-02,14:00:09,21:00:09,-07:00,+39.0809428,-114.1001639,488,3D-,334827.2,0.0,,0,0,0.00,,57,141,4,162,299,-0,15.9,16,0.49,0.10,-0.003,0.998,-0.081,,211,,,,30.07,122.700,118.350 RX,GPS1,LOI,,,,,,,,ENR,,,,,Fail,,,,,,,,,,,,,-12.8,25.1,1367,,,,081137FE N46 A0 * 01000000,0801B7FE N100 X0,0.3,0.1,2,2,,,1200,ALT,0,29.7,0,0,84,84,86,0,12,11,0.0,46.6,1,12.8,13.9,14.0,10,-13,15.4,2,110,110,110,110,0,0,0,0,0,0,0,OIL PRESS / FUEL PRESS / TRAFFIC FAIL / NO AOA CAL,
2026-09-02,14:00:10,21:00:10,-07:00,+39.0809480,-114.1001634,487,3D-,334828.2,0.0,,0,0,-0.00,,56,132,4,162,299,-2,15.9,16,0.49,0.10,-0.002,0.998,-0.084,,211,,,,30.07,122.700,118.350 RX,GPS1,LOI,,,,,,,,ENR,,,,,Fail,,,,,,,,,,,,,-12.8,25.1,1367,,,,081137FE N50 A0 * 01000000,0801B7FE N100 X0,0.2,0.1,3,2,,,1200,ALT,0,29.7,0,0,84,84,86,0,12,11,0.0,46.6,1,12.8,13.9,14.0,10,-13,15.4,1,110,110,110,110,0,0,0,0,0,0,0,OIL PRESS / FUEL PRESS / TRAFFIC FAIL / NO AOA CAL,
2026-09-02,14:00:11,21:00:11,-07:00,+39.0809520,-114.1001625,485,3D-,334829.2,0.0,,0,0,-0.00,,54,124,4,161,299,-9,15.9,16,0.50,0.11,-0.002,0.998,-0.091,,211,,,,30.07,122.700,118.350 RX,GPS1,LOI,,,,,,,,ENR,,,,,Fail,,,,,,,,,,,,,-12.8,25.1,1366,,,,081137FE N54 A0 * 01000000,0801B7FE N100 X0,0.2,0.1,2,3,,,1200,ALT,0,29.7,0,0,84,84,86,0,12,11,0.0,46.6,1,12.8,13.9,14.0,7,-13,15.4,1,110,110,110,110,0,0,0,0,0,0,0,OIL PRESS / FUEL PRESS / TRAFFIC FAIL / NO AOA CAL,
2026-09-02,14:00:12,21:00:12,-07:00,+39.0809538,-114.1001628,485,3D-,334830.2,0.0,,0,0,-0.00,,53,119,4,161,299,-14,15.9,16,0.49,0.11,-0.002,0.998,-0.090,,211,,,,30.07,122.700,118.350 RX,GPS1,LOI,,,,,,,,ENR,,,,,Fail,,,,,,,,,,,,,-12.8,25.1,1366,,,,081137FE N58 A0 * 01000000,0801B7FE N100 X0,0.2,0.1,3,3,,,1200,ALT,0,29.7,0,0,84,84,86,0,12,11,0.0,46.6,1,12.8,13.9,14.0,7,-13,15.4,0,110,110,110,110,0,0,0,0,0,0,0,OIL PRESS / FUEL PRESS / TRAFFIC FAIL / NO AOA CAL,
2026-09-02,14:00:13,21:00:13,-07:00,+39.0809558,-114.1001627,485,3D-,334831.2,0.0,,0,0,-0.00,,53,114,4,161,298,-14,15.9,16,0.49,0.12,-0.002,0.998,-0.085,,211,,,,30.07,122.700,118.350 RX,GPS1,LOI,,,,,,,,ENR,,,,,Fail,,,,,,,,,,,,,-12.8,25.1,1365,,,,081137FE N62 A0 * 01000000,0801B7FE N100 X0,0.2,0.1,3,3,,,1200,ALT,0,29.7,0,0,84,84,86,0,12,11,0.0,46.6,1,12.8,13.9,14.0,6,-13,15.4,0,110,110,110,110,0,0,0,0,0,0,0,OIL PRESS / FUEL PRESS / TRAFFIC FAIL / NO AOA CAL,
2026-09-02,14:00:14,21:00:14,-07:00,+39.0809577,-114.1001631,484,3D-,334832.2,0.0,,0,0,-0.00,,52,110,4,161,298,-13,15.8,16,0.50,0.11,-0.002,0.998,-0.082,,211,,,,30.07,122.700,118.350 RX,GPS1,LOI,,,,,,,,ENR,,,,,Fail,,,,,,,,,,,,,-12.8,25.1,1365,,,,081137FE N66 A0 * 01000000,0801B7FE N100 X0,0.2,0.1,2,3,,,1200,ALT,0,29.7,0,0,84,84,86,0,12,11,0.0,46.6,1,12.8,13.9,14.0,6,-13,15.4,0,110,110,110,110,0,0,0,0,0,0,0,OIL PRESS / FUEL PRESS / TRAFFIC FAIL / NO AOA CAL,
2026-09-02,14:00:15,21:00:15,-07:00,+39.0809603,-114.1001638,483,3D-,334833.2,0.0,,0,0,-0.00,,52,107,4,161,298,-11,15.9,16,0.49,0.10,-0.001,0.998,-0.081,,211,,,,30.07,122.700,118.350 RX,GPS1,LOI,,,,,,,,ENR,,,,,Fail,,,,,,,,,,,,,-12.8,25.1,1365,,,,081137FE N70 A0 * 01000000,0801B7FE N100 X0,0.2,0.1,2,2,,,1200,ALT,0,29.7,0,0,84,84,86,0,12,11,0.0,46.7,1,12.8,13.9,14.0,6,-13,15.4,0,110,110,110,110,0,0,0,0,0,0,0,OIL PRESS / FUEL PRESS / TRAFFIC FAIL / NO AOA CAL,
2026-09-02,14:00:16,21:00:16,-07:00,+39.0809632,-114.1001637,483,3D-,334834.2,0.0,,0,0,-0.00,,51,103,4,161,298,-7,15.9,16,0.49,0.11,-0.002,0.998,-0.079,,211,,,,30.07,122.700,118.350 RX,GPS1,LOI,,,,,,,,ENR,,,,,Fail,,,,,,,,,,,,,-12.8,25.1,1365,,,,081137FE N74 A0 * 01000000,0801B7FE N100 X0,0.2,0.1,3,3,,,1200,ALT,0,29.7,0,0,84,84,86,0,12,11,0.0,47.1,1,12.8,13.9,14.0,10,-13,15.0,0,110,110,110,110,0,0,0,0,0,0,0,OIL PRESS / FUEL PRESS / TRAFFIC FAIL / NO AOA CAL,
2026-09-02,14:00:17,21:00:17,-07:00,+39.0809656,-114.1001629,483,3D-,334835.2,0.0,,0,0,-0.00,,51,100,4,161,298,-6,15.9,16,0.50,0.12,-0.002,0.999,-0.079,,211,,,,30.07,122.700,118.350,GPS1,LOI,,,,,,,,ENR,,,,,Fail,,,,,,,,,,,,,-12.8,25.1,1365,,,,081137FE N78 A0 * 01000000,0801B7FE N100 X0,0.2,0.1,2,2,,,1200,ALT,0,29.7,0,0,84,84,86,0,12,11,0.0,46.8,1,12.8,13.9,14.0,10,-13,15.1,1,110,110,110,110,0,0,0,0,0,0,0,OIL PRESS / FUEL PRESS / TRAFFIC FAIL / NO AOA CAL,
2026-09-02,14:00:18,21:00:18,-07:00,+39.0809689,-114.1001595,482,3D-,334836.2,0.0,,0,0,-0.00,,51,97,4,161,298,1,15.8,16,0.51,0.11,-0.002,0.998,-0.077,,211,,,,30.07,122.700,118.350,GPS1,LOI,,,,,,,,ENR,,,,,Fail,,,,,,,,,,,,,-12.8,25.1,1365,,,,081137FE N82 A0 * 01000000,0801B7FE N100 X0,0.2,0.1,3,3,,,1200,ALT,0,29.7,0,0,84,84,86,0,12,11,0.0,46.5,1,12.8,13.9,14.0,10,-13,15.3,2,110,110,110,110,0,0,0,0,0,0,0,OIL PRESS / FUEL PRESS / TRAFFIC FAIL / NO AOA CAL,
2026-09-02,14:00:19,21:00:19,-07:00,+39.0809718,-114.1001583,482,3D-,334837.2,0.0,,0,0,-0.00,,51,94,4,161,298,4,15.8,16,0.50,0.11,-0.001,0.998,-0.075,,211,,,,30.07,122.700,118.350,GPS1,LOI,,,,,,,,ENR,,,,,Fail,,,,,,,,,,,,,-12.8,25.1,1366,,,,081137FE N86 A0 * 01000000,0801B7FE N100 X0,0.2,0.1,3,3,,,1200,ALT,0,29.7,0,0,84,84,86,0,12,11,0.0,46.4,1,12.8,13.9,14.0,10,-13,15.4,2,110,110,110,110,0,0,0,0,0,0,0,OIL PRESS / FUEL PRESS / TRAFFIC FAIL / NO AOA CAL,
2026-09-02,14:00:20,21:00:20,-07:00,+39.0809744,-114.1001535,481,3D-,334838.2,0.0,,0,0,-0.00,,51,91,4,161,298,4,15.7,16,0.49,0.09,-0.001,0.998,-0.068,,211,,,,30.07,122.700,118.350 RX,GPS1,LOI,,,,,,,,ENR,,,,,Fail,,,,,,,,,,,,,-12.8,25.1,1366,,,,081137FE N90 A0 * 01000000,0801B7FE N100 X0,0.2,0.0,2,3,,,1200,ALT,0,29.7,0,0,84,84,86,0,12,11,0.0,46.4,1,12.8,13.9,14.0,10,-13,15.5,2,110,110,110,110,0,0,0,0,0,0,0,OIL PRESS / FUEL PRESS / TRAFFIC FAIL / NO AOA CAL,
2026-09-02,14:00:21,21:00:21,-07:00,+39.0809770,-114.1001526,481,3D-,334839.2,0.0,,0,0,-0.00,,51,89,4,161,298,-1,15.7,16,0.49,0.10,-0.002,0.998,-0.059,,211,,,,30.07,122.700,118.350 RX,GPS1,LOI,,,,,,,,ENR,,,,,Fail,,,,,,,,,,,,,-12.8,25.1,1366,,,,081137FE N94 A0 * 01000000,0801B7FE N100 X0,0.2,0.0,3,2,,,1200,ALT,0,29.7,0,0,84,84,86,0,12,11,0.0,46.4,1,12.8,13.9,14.0,10,-13,15.6,3,110,110,110,110,0,0,0,0,0,0,0,OIL PRESS / FUEL PRESS / TRAFFIC FAIL / NO AOA CAL,
2026-09-02,14:00:22,21:00:22,-07:00,+39.0809792,-114.1001535,481,3D-,334840.2,0.0,,0,0,-0.00,,51,86,4,161,298,-6,15.8,16,0.49,0.10,-0.003,0.999,-0.047,,211,,,,30.07,122.700,118.350 RX,GPS1,LOI,,,,,,,,ENR,,,,,Fail,,,,,,,,,,,,,-12.8,25.1,1365,,,,081137FE N98 A0 * 01000000,0801B7FE N100 X0,0.2,0.0,3,3,,,1200,ALT,0,29.7,0,0,84,84,86,0,12,11,0.0,46.4,1,12.8,13.9,14.0,10,-13,15.6,3,110,110,110,110,0,0,0,0,0,0,0,OIL PRESS / FUEL PRESS / TRAFFIC FAIL / NO AOA CAL,
2026-09-02,14:00:23,21:00:23,-07:00,+39.0809813,-114.1001521,481,3D-,334841.2,0.0,,0,0,-0.00,,51,84,4,162,298,2,15.9,16,0.48,0.11,-0.003,0.997,-0.040,,211,,,,30.07,122.700,118.350 RX,GPS1,LOI,,,,,,,,ENR,,,,,Fail,,,,,,,,,,,,,-12.8,25.1,1366,,,,081137FE N100 A0 * 01000000,0801B7FE N100 X0,0.2,0.0,4,4,,,1200,ALT,0,29.7,0,0,84,84,86,0,12,11,0.0,46.4,1,12.8,13.9,14.0,9,-13,15.6,3,110,110,110,110,0,0,0,0,0,0,0,OIL PRESS / FUEL PRESS / TRAFFIC FAIL / NO AOA CAL,
2026-09-02,14:00:24,21:00:24,-07:00,+39.0809830,-114.1001500,480,3D-,334842.2,0.0,,0,0,-0.00,,51,82,4,162,299,13,15.9,16,0.49,0.10,-0.000,0.998,-0.036,,211,,,,30.07,122.700,118.350 RX,GPS1,LOI,,,,,,,,ENR,,,,,Fail,,,,,,,,,,,,,-12.8,25.1,1366,,,,081137FE N100 A0 * 01000000,0801B7FE N100 X0,0.2,0.0,3,3,,,1200,ALT,0,29.7,0,0,84,84,86,0,12,11,0.0,46.4,1,12.8,13.9,14.0,9,-13,15.5,3,110,110,110,110,0,0,0,0,0,0,0,OIL PRESS / FUEL PRESS / TRAFFIC FAIL / NO AOA CAL,
2026-09-02,14:00:25,21:00:25,-07:00,+39.0809847,-114.1001488,480,3D-,334843.2,0.0,,0,0,-0.00,,51,79,4,162,299,19,15.7,16,0.49,0.10,-0.002,0.998,-0.041,,211,,,,30.07,122.700,118.350 RX,GPS1,LOI,,,,,,,,ENR,,,,,Fail,,,,,,,,,,,,,-12.8,25.1,1367,,,,081137FE N100 A0 * 01000000,0801B7FE N100 X0,0.2,0.0,2,3,,,1200,ALT,0,29.7,0,0,84,84,86,0,12,11,0.0,46.4,1,12.8,13.9,14.0,6,-13,15.4,3,110,110,110,110,0,0,0,0,0,0,0,OIL PRESS / FUEL PRESS / TRAFFIC FAIL / NO AOA CAL,
2026-09-02,14:00:26,21:00:26,-07:00,+39.0809868,-114.1001486,479,3D-,334844.2,0.0,,0,0,-0.00,,51,78,4,162,299,14,15.6,16,0.48,0.11,-0.002,0.999,-0.054,,211,,,,30.07,122.700,118.350 RX,GPS1,LOI,,,,,,,,ENR,,,,,Fail,,,,,,,,,,,,,-12.8,25.1,1367,,,,081137FE N100 A0 * 01000000,0801B7FE N100 X0,0.1,0.0,3,3,,,1200,ALT,0,29.7,0,0,84,84,86,0,12,11,0.0,46.4,1,12.8,13.9,14.0,10,-13,15.6,3,110,110,110,110,0,0,0,0,0,0,0,OIL PRESS / FUEL PRESS / TRAFFIC FAIL / NO AOA CAL,
2026-09-02,14:00:27,21:00:27,-07:00,+39.0809876,-114.1001490,479,3D-,334845.2,0.0,,0,0,-0.00,,51,76,4,162,299,6,15.6,16,0.50,0.11,-0.002,0.998,-0.076,,211,,,,30.07,122.700,118.350 RX,GPS1,LOI,,,,,,,,ENR,,,,,Fail,,,,,,,,,,,,,-12.8,25.1,1367,,,,081137FE N100 A0 * 01000000,0801B7FE N100 X0,0.1,0.0,2,3,,,1200,ALT,0,29.7,0,0,84,84,86,0,12,11,0.0,46.4,1,12.8,13.9,14.0,9,-13,15.8,3,110,110,110,110,0,0,0,0,0,0,0,OIL PRESS / FUEL PRESS / TRAFFIC FAIL / NO AOA CAL,
2026-09-02,14:00:28,21:00:28,-07:00,+39.0809877,-114.1001494,478,3D-,334846.2,0.0,,0,0,-0.00,,51,74,4,162,299,2,15.7,16,0.49,0.11,-0.002,0.999,-0.103,,211,,,,30.07,122.700,118.350 RX,GPS1,LOI,,,,,,,,ENR,,,,,Fail,,,,,,,,,,,,,-12.8,25.1,1367,,,,081137FE N100 A0 * 01000000,0801B7FE N100 X0,0.1,0.0,2,2,,,1200,ALT,0,29.7,0,0,84,84,86,0,12,11,0.0,46.4,1,12.8,13.9,14.0,6,-13,16.0,3,110,110,110,110,0,0,0,0,0,0,0,OIL PRESS / FUEL PRESS / TRAFFIC FAIL / NO AOA CAL,
2026-09-02,14:00:29,21:00:29,-07:00,+39.0809877,-114.1001498,478,3D-,334847.2,0.0,,0,0,-0.00,,52,73,4,162,299,-1,15.8,16,0.50,0.10,-0.002,0.998,-0.128,,211,,,,30.07,122.700,118.350 RX,GPS1,LOI,,,,,,,,ENR,,,,,Fail,,,,,,,,,,,,,-12.8,25.1,1367,,,,081137FE N100 A0 * 01000000,0801B7FE N100 X0,0.1,0.0,3,3,,,1200,ALT,0,29.7,0,0,84,84,86,0,12,11,0.0,46.4,1,12.8,13.9,14.0,6,-13,16.0,3,110,110,110,110,0,0,0,0,0,0,0,OIL PRESS / FUEL PRESS / TRAFFIC FAIL / NO AOA CAL,
2026-09-02,14:00:30,21:00:30,-07:00,+39.0809877,-114.1001502,478,3D-,334848.2,0.0,,0,0,-0.00,,52,71,4,162,299,-3,15.9,16,0.49,0.10,-0.002,0.998,-0.147,,211,,,,30.07,122.700,118.350 RX,GPS1,LOI,,,,,,,,ENR,,,,,Fail,,,,,,,,,,,,,-12.8,25.1,1367,,,,081137FE N100 A0 * 01000000,0801B7FE N100 X0,0.1,0.0,2,3,,,1200,ALT,0,29.7,0,0,84,84,86,0,12,11,0.0,46.4,1,12.8,13.9,14.0,6,-13,15.8,3,110,110,110,110,0,0,0,0,0,0,0,OIL PRESS / FUEL PRESS / TRAFFIC FAIL / NO AOA CAL,
2026-09-02,14:00:31,21:00:31,-07:00,+39.0809876,-114.1001511,478,3D-,334849.2,0.0,,0,0,-0.00,,52,70,4,161,299,-5,15.9,16,0.49,0.10,-0.002,0.998,-0.163,,211,,,,30.07,122.700,118.350 RX,GPS1,LOI,,,,,,,,ENR,,,,,Fail,,,,,,,,,,,,,-12.8,25.1,1367,,,,081137FE N100 A0 * 01000000,0801B7FE N100 X0,0.1,0.0,3,2,,,1200,ALT,0,29.7,0,0,84,84,86,0,12,11,0.0,46.4,1,12.8,13.9,14.0,10,-13,15.7,3,110,110,110,110,0,0,0,0,0,0,0,OIL PRESS / FUEL PRESS / TRAFFIC FAIL / NO AOA CAL,
2026-09-02,14:00:32,21:00:32,-07:00,+39.0809876,-114.1001524,478,3D-,334850.2,0.0,,0,0,-0.00,,52,68,4,161,299,-5,15.9,16,0.48,0.11,-0.001,0.998,-0.168,,211,,,,30.07,122.700,118.350 RX,GPS1,LOI,,,,,,,,ENR,,,,,Fail,,,,,,,,,,,,,-12.8,25.1,1367,,,,081137FE N100 A0 * 01000000,0801B7FE N100 X0,0.1,0.0,3,7,,,1200,ALT,,29.7,0,0,84,84,86,0,12,11,0.0,46.4,1,12.8,13.9,14.0,8,-13,15.6,3,110,110,110,110,0,0,0,0,0,0,0,OIL PRESS / FUEL PRESS / TRAFFIC FAIL / NO AOA CAL,
2026-09-02,14:00:33,21:00:33,-07:00,+39.0809874,-114.1001535,478,3D-,334851.2,0.0,,0,0,-0.00,,52,67,4,161,299,-6,15.9,16,0.49,0.11,0.002,0.997,-0.166,,211,,,,30.07,122.700,118.350 RX,GPS1,LOI,,,,,,,,ENR,,,,,Fail,,,,,,,,,,,,,-12.8,25.1,1366,,,,081137FE N100 A0 * 01000000,0801B7FE N100 X0,0.1,0.0,3,3,,,1200,ALT,,29.8,0,0,84,84,86,0,12,11,0.0,45.8,1,12.7,13.9,14.0,5,-13,15.6,3,110,110,110,110,0,0,0,0,1,0,0,OIL PRESS / FPCM FAULT / FUEL PRESS / TRAFFIC FAIL / NO AOA CAL,
2026-09-02,14:00:34,21:00:34,-07:00,+39.0809871,-114.1001547,478,3D-,334852.2,0.0,,0,0,-0.00,,52,66,4,161,298,-9,15.9,16,0.49,0.10,-0.001,0.999,-0.164,,211,,,,30.07,122.700,118.350 RX,GPS1,LOI,,,,,,,,ENR,,,,,Fail,,,,,,,,,,,,,-12.8,25.1,1366,,,,081137FE N100 A0 * 01000000,0801B7FE N100 X0,0.1,0.0,3,3,,,1200,ALT,,29.8,0,0,84,84,86,0,12,11,0.0,32.7,1,12.8,13.9,14.0,5,-10,15.8,3,110,110,110,110,0,0,0,0,1,0,0,OIL PRESS / FPCM FAULT / FUEL PRESS / ENGINE ECU / TRAFFIC FAIL / NO AOA CAL,
2026-09-02,14:00:35,21:00:35,-07:00,+39.0809868,-114.1001562,478,3D-,334853.2,0.0,,0,0,-0.00,,52,64,4,160,298,-17,15.9,16,0.49,0.10,-0.002,0.999,-0.168,,211,,,,30.07,122.700,118.350 RX,GPS1,LOI,,,,,,,,ENR,,,,,Fail,,,,,,,,,,,,,-12.8,25.1,1365,,,,081137FE N100 A0 * 01000000,0801B7FE N100 X0,0.1,0.0,3,3,,,1200,ALT,,,,,84,84,86,0,12,11,,18.3,1,12.9,13.9,14.0,5,-8,15.8,3,110,110,110,110,0,0,0,0,1,0,0,OIL PRESS / FPCM FAULT / FUEL PRESS / ENGINE ECU / TRAFFIC FAIL / NO AOA CAL,
2026-09-02,14:00:36,21:00:36,-07:00,+39.0809865,-114.1001583,478,3D-,334854.2,0.0,,0,0,-0.00,,52,63,4,160,297,-24,15.7,16,0.48,0.10,-0.002,0.998,-0.179,,211,,,,30.07,122.700,118.350 RX,GPS1,LOI,,,,,,,,ENR,,,,,Fail,,,,,,,,,,,,,-12.8,25.1,1365,,,,081137FE N100 A0 * 01000000,0801B7FE N100 X0,0.1,0.0,2,2,,,1200,ALT,,,,,,,,0,12,11,,10.2,1,13.0,13.9,14.0,5,-7,15.8,3,,,,,1,1,0,0,1,0,0,NAV ON BKUP / FPCM FAULT / FUEL PRESS / ENGINE ECU / TRAFFIC FAIL / NO AOA CAL,
